{
  "results": [
    {
      "command": "./target/release/click-benchmark",
      "mean": 0.45147209217000017,
      "stddev": 0.032379566148330374,
      "median": 0.44192284428000006,
      "user": 0.0022477787999999996,
      "system": 0.010868380000000002,
      "min": 0.43916560478000005,
      "max": 0.6207019237800001,
      "times": [
        0.43951346478000003,
        0.4415689647800001,
        0.43957153178,
        0.44078424378000003,
        0.44029732278000006,
        0.44067816678000005,
        0.44351766678000004,
        0.44622778578000005,
        0.44040123778000007,
        0.44029512978000007,
        0.44050648978000007,
        0.44559299678000003,
        0.52947723678,
        0.4439226907800001,
        0.44122030678000007,
        0.44191286978000005,
        0.44426713578000004,
        0.44155355878,
        0.6207019237800001,
        0.44147036478000007,
        0.44136405578000004,
        0.44349069878,
        0.44226081778000004,
        0.44069394978000004,
        0.44087326178,
        0.43981364178000004,
        0.44683999178000006,
        0.4416702577800001,
        0.44042179578000007,
        0.43990960078,
        0.44041980778000006,
        0.44061582478000005,
        0.46386796778000006,
        0.44107300878000005,
        0.51945784478,
        0.44301357678000003,
        0.44663988978,
        0.44120024578000006,
        0.44131931378000006,
        0.47338610678000004,
        0.44483119178,
        0.5955418507800001,
        0.4398830247800001,
        0.44537279178000005,
        0.44079308778000004,
        0.44106574478000005,
        0.44135128378000005,
        0.44515224778000007,
        0.44485433878,
        0.45545174578000003,
        0.44364973378000006,
        0.4462630207800001,
        0.44315465678000004,
        0.44057566278000004,
        0.5039765137800001,
        0.44048107078000004,
        0.44760039978000005,
        0.44049238178000005,
        0.44396680878000006,
        0.44882560578,
        0.43968403678000006,
        0.44080822478000004,
        0.44142011078000004,
        0.4409196287800001,
        0.4430323197800001,
        0.55577967878,
        0.44035007078000005,
        0.44454440478000007,
        0.44308377478000005,
        0.45013835578000005,
        0.44756515978000005,
        0.44101154278000004,
        0.44010340978000007,
        0.44058201178000006,
        0.44193281878000007,
        0.44085252678000003,
        0.44274887078,
        0.44550563478000005,
        0.44872872578000006,
        0.4443527177800001,
        0.44213583278000007,
        0.59876490778,
        0.44028402378000003,
        0.44329664378000005,
        0.44812666778000004,
        0.44355171878000005,
        0.4450748727800001,
        0.44283425878000005,
        0.44161663778000004,
        0.44491952178000005,
        0.44009321778000005,
        0.44052410178000007,
        0.44012283478,
        0.44409237278,
        0.44172809778000005,
        0.44018964578,
        0.44137197178000004,
        0.43916560478000005,
        0.44670387178000004,
        0.44437247778000005
      ],
      "exit_codes": [
        0,
        0,
        0,
        0,
        0,
        0,
        0,
        0,
        0,
        0,
        0,
        0,
        0,
        0,
        0,
        0,
        0,
        0,
        0,
        0,
        0,
        0,
        0,
        0,
        0,
        0,
        0,
        0,
        0,
        0,
        0,
        0,
        0,
        0,
        0,
        0,
        0,
        0,
        0,
        0,
        0,
        0,
        0,
        0,
        0,
        0,
        0,
        0,
        0,
        0,
        0,
        0,
        0,
        0,
        0,
        0,
        0,
        0,
        0,
        0,
        0,
        0,
        0,
        0,
        0,
        0,
        0,
        0,
        0,
        0,
        0,
        0,
        0,
        0,
        0,
        0,
        0,
        0,
        0,
        0,
        0,
        0,
        0,
        0,
        0,
        0,
        0,
        0,
        0,
        0,
        0,
        0,
        0,
        0,
        0,
        0,
        0,
        0,
        0,
        0
      ]
    }
  ]
}
