{
  "results": [
    {
      "command": "./target/release/click-benchmark",
      "mean": 0.4626030714199998,
      "stddev": 0.05770494979628277,
      "median": 0.44182314654,
      "user": 0.0024141568000000005,
      "system": 0.010752250000000003,
      "min": 0.43912597654,
      "max": 0.77639393054,
      "times": [
        0.44162636454000004,
        0.44041074354000004,
        0.57087186854,
        0.43963382754,
        0.44137102754,
        0.44103838154,
        0.44278243954,
        0.44012323354000005,
        0.44251501054000003,
        0.44938856754,
        0.44496593054000005,
        0.44861471154000004,
        0.44056291154000005,
        0.44743233554000006,
        0.44371491854000006,
        0.44143122254000006,
        0.77639393054,
        0.44008258454000004,
        0.44294043654000004,
        0.46284994354000003,
        0.44553374154000003,
        0.44017711154000005,
        0.44086904454000003,
        0.44214757654000003,
        0.44087338554000005,
        0.50741656554,
        0.43962477454000004,
        0.5764628085400001,
        0.44025301754,
        0.44053969154000006,
        0.44174400454,
        0.44121342054,
        0.44039791954,
        0.44139349054000004,
        0.44231961654,
        0.44271096354000006,
        0.44188202354000006,
        0.44463084154000004,
        0.5179180545400001,
        0.44033384354000005,
        0.47227038154,
        0.44211221854000005,
        0.60649737654,
        0.45274777954,
        0.44034991954,
        0.44098259754,
        0.44150700454,
        0.44179222154000003,
        0.44185407154,
        0.44201490754000006,
        0.44257449454000003,
        0.44111551254000003,
        0.46342043954,
        0.45107413154000003,
        0.44236046854000005,
        0.5628417545400001,
        0.44022466854000003,
        0.44304629954,
        0.51248752054,
        0.44110256954000004,
        0.59960337054,
        0.44266636454,
        0.44123894454,
        0.44029439654,
        0.44090310954,
        0.44007104854,
        0.43912597654,
        0.44688692454,
        0.44008180254,
        0.44113922554,
        0.44032809154,
        0.49825699954,
        0.44141145454,
        0.43983971254000004,
        0.44498438954,
        0.43974753654000004,
        0.44059019754,
        0.44711615054000003,
        0.44634609654,
        0.45747546454000004,
        0.44041313554000006,
        0.44021929054000003,
        0.44178053254000005,
        0.44052561554,
        0.5271474595400001,
        0.46606275854,
        0.44037150254,
        0.5223932745400001,
        0.44578797554000005,
        0.44349133654000006,
        0.44153241854,
        0.44062160454000004,
        0.44114954554,
        0.58108662054,
        0.44303806454000005,
        0.7655150565400001,
        0.43988460154000003,
        0.44012739254000005,
        0.43945972354,
        0.44202335254
      ],
      "exit_codes": [
        0,
        0,
        0,
        0,
        0,
        0,
        0,
        0,
        0,
        0,
        0,
        0,
        0,
        0,
        0,
        0,
        0,
        0,
        0,
        0,
        0,
        0,
        0,
        0,
        0,
        0,
        0,
        0,
        0,
        0,
        0,
        0,
        0,
        0,
        0,
        0,
        0,
        0,
        0,
        0,
        0,
        0,
        0,
        0,
        0,
        0,
        0,
        0,
        0,
        0,
        0,
        0,
        0,
        0,
        0,
        0,
        0,
        0,
        0,
        0,
        0,
        0,
        0,
        0,
        0,
        0,
        0,
        0,
        0,
        0,
        0,
        0,
        0,
        0,
        0,
        0,
        0,
        0,
        0,
        0,
        0,
        0,
        0,
        0,
        0,
        0,
        0,
        0,
        0,
        0,
        0,
        0,
        0,
        0,
        0,
        0,
        0,
        0,
        0,
        0
      ]
    }
  ]
}
