{
  "results": [
    {
      "command": "./target/release/click-benchmark",
      "mean": 0.37206130283,
      "stddev": 0.10851592316881664,
      "median": 0.32415712782,
      "user": 0.0006378544,
      "system": 0.0022095262000000004,
      "min": 0.30522009032,
      "max": 0.76358991732,
      "times": [
        0.31391235732,
        0.31771172632,
        0.32159429332,
        0.32764191832,
        0.5457482703200001,
        0.31890060432,
        0.7620950333200001,
        0.30603963232,
        0.32469388732,
        0.43084561632,
        0.30892676532,
        0.30975735332,
        0.31335289332,
        0.31138108132,
        0.31024738632,
        0.32260448832,
        0.31383645232,
        0.31333819632,
        0.32900896932,
        0.32130656732,
        0.31661231632,
        0.5996855843200001,
        0.31085847632,
        0.31247739032,
        0.31177883232,
        0.30928304732,
        0.47400339532,
        0.31593780632,
        0.36503940732,
        0.32618290032,
        0.31923441932,
        0.7600753423200001,
        0.30696118332,
        0.5021344883200001,
        0.34041029032,
        0.30522009032,
        0.31275829032,
        0.32702770032,
        0.32674260132,
        0.31630853332,
        0.31945497232,
        0.32362036832,
        0.31150483332,
        0.31345716732,
        0.31470748132,
        0.36671999632,
        0.5645449693200001,
        0.32504996032,
        0.32543055632,
        0.37094487832,
        0.31319084532,
        0.6398731493200001,
        0.31999023032,
        0.31240601632,
        0.31463781232,
        0.32739985432,
        0.32749848532,
        0.55309564332,
        0.50046314532,
        0.5167456193200001,
        0.31673852332,
        0.37996801932,
        0.31297608232,
        0.32840874732,
        0.32572841132,
        0.36388571332,
        0.76358991732,
        0.31898706832,
        0.46593758932,
        0.32191077632,
        0.32571177432,
        0.32543632532,
        0.33296993632,
        0.32700176132000003,
        0.41902537032000003,
        0.45950505532,
        0.31898496832,
        0.41793796232,
        0.31428284232,
        0.32639935932,
        0.31449188132,
        0.33488558032,
        0.30707444832,
        0.7099883053200001,
        0.31609445032,
        0.44480078732,
        0.30997910332,
        0.33349555132,
        0.30993124932,
        0.31705683332,
        0.6320391043200001,
        0.31609169332,
        0.31585435432,
        0.37350783532,
        0.38857943632,
        0.37248038232,
        0.33881662832,
        0.31383305632,
        0.31758486732,
        0.43174695932
      ],
      "exit_codes": [
        0,
        0,
        0,
        0,
        0,
        0,
        0,
        0,
        0,
        0,
        0,
        0,
        0,
        0,
        0,
        0,
        0,
        0,
        0,
        0,
        0,
        0,
        0,
        0,
        0,
        0,
        0,
        0,
        0,
        0,
        0,
        0,
        0,
        0,
        0,
        0,
        0,
        0,
        0,
        0,
        0,
        0,
        0,
        0,
        0,
        0,
        0,
        0,
        0,
        0,
        0,
        0,
        0,
        0,
        0,
        0,
        0,
        0,
        0,
        0,
        0,
        0,
        0,
        0,
        0,
        0,
        0,
        0,
        0,
        0,
        0,
        0,
        0,
        0,
        0,
        0,
        0,
        0,
        0,
        0,
        0,
        0,
        0,
        0,
        0,
        0,
        0,
        0,
        0,
        0,
        0,
        0,
        0,
        0,
        0,
        0,
        0,
        0,
        0,
        0
      ]
    }
  ]
}
