{
  "results": [
    {
      "command": "./target/release/click-benchmark",
      "mean": 0.4048796362,
      "stddev": 0.08811009567611636,
      "median": 0.3722037316000001,
      "user": 0.0008295520000000003,
      "system": 0.0033348000000000015,
      "min": 0.3647746391,
      "max": 0.9334050371,
      "times": [
        0.3687605031,
        0.37020721910000004,
        0.3726027471,
        0.38186263810000004,
        0.5803717221,
        0.7644458381,
        0.37122956310000005,
        0.37119800710000006,
        0.36839218310000005,
        0.36933053810000005,
        0.36966972010000004,
        0.37860487710000007,
        0.3700167831,
        0.36994717810000005,
        0.36594362210000003,
        0.5092075681,
        0.3716607001,
        0.36808873710000006,
        0.37280224410000007,
        0.3705817511,
        0.36867284910000003,
        0.45460395710000007,
        0.3750994401,
        0.5774012211,
        0.37056249110000006,
        0.36999551210000003,
        0.37443049710000004,
        0.38039827010000005,
        0.37317275410000006,
        0.36645246010000004,
        0.36907485710000004,
        0.37134792410000006,
        0.37367402610000006,
        0.36943310910000005,
        0.37482891510000005,
        0.3766594811,
        0.5546285241,
        0.37670227010000007,
        0.6879883561,
        0.38742142910000005,
        0.38123425110000003,
        0.36622690510000006,
        0.37696256810000006,
        0.37099704810000006,
        0.3822568001,
        0.37175801310000006,
        0.37917875710000004,
        0.36629391710000003,
        0.9334050371,
        0.36977663610000006,
        0.36734411110000004,
        0.37303647310000004,
        0.45916890210000005,
        0.36658384110000003,
        0.37185568510000006,
        0.4266561361,
        0.3665676721,
        0.3748524241,
        0.3915780031,
        0.3900638571,
        0.6187808241,
        0.36871212110000007,
        0.37052600910000005,
        0.47373519110000006,
        0.37363409910000006,
        0.37421884410000006,
        0.36952011110000005,
        0.3678216241,
        0.36943969010000005,
        0.37156987710000006,
        0.37068807710000007,
        0.44602870910000003,
        0.3688033781,
        0.5539945411,
        0.36600435110000007,
        0.3702188451,
        0.37212766310000006,
        0.3717464951,
        0.42751001310000003,
        0.3767663721,
        0.36944324910000004,
        0.37466735110000005,
        0.36855322110000005,
        0.37090676010000007,
        0.38360791410000006,
        0.4186667761,
        0.37623172010000006,
        0.37061460710000005,
        0.3662576571,
        0.4965180501,
        0.37227980010000006,
        0.37231486110000006,
        0.37094482810000007,
        0.36660224610000003,
        0.3647746391,
        0.37483526710000004,
        0.48051432310000003,
        0.37348383710000005,
        0.3713280541,
        0.46030210010000006
      ],
      "exit_codes": [
        0,
        0,
        0,
        0,
        0,
        0,
        0,
        0,
        0,
        0,
        0,
        0,
        0,
        0,
        0,
        0,
        0,
        0,
        0,
        0,
        0,
        0,
        0,
        0,
        0,
        0,
        0,
        0,
        0,
        0,
        0,
        0,
        0,
        0,
        0,
        0,
        0,
        0,
        0,
        0,
        0,
        0,
        0,
        0,
        0,
        0,
        0,
        0,
        0,
        0,
        0,
        0,
        0,
        0,
        0,
        0,
        0,
        0,
        0,
        0,
        0,
        0,
        0,
        0,
        0,
        0,
        0,
        0,
        0,
        0,
        0,
        0,
        0,
        0,
        0,
        0,
        0,
        0,
        0,
        0,
        0,
        0,
        0,
        0,
        0,
        0,
        0,
        0,
        0,
        0,
        0,
        0,
        0,
        0,
        0,
        0,
        0,
        0,
        0,
        0
      ]
    }
  ]
}
